QP,FileSize_KB,FPS,Bitrate
0,15891.0,44.38,10848.26
1,17297.21,30.58,11808.23
2,16336.6,27.04,11152.45
3,15284.05,28.86,10433.91
4,14316.73,32.77,9773.55
5,13242.92,33.11,9040.5
6,12108.71,34.05,8266.21
7,11026.19,34.51,7527.22
8,9841.01,34.75,6718.13
9,8761.74,35.25,5981.35
10,7723.51,29.51,5272.59
11,6765.98,34.37,4618.91
12,5896.29,37.25,4025.2
13,5106.05,38.14,3485.73
14,4364.59,32.93,2979.56
15,3716.17,37.61,2536.9
16,3147.47,40.21,2148.68
17,2667.77,42.23,1821.2
18,2268.9,44.53,1548.91
19,1932.57,46.47,1319.3
20,1631.08,48.54,1113.49
21,1395.34,52.26,952.55
22,1185.61,51.06,809.37
23,1012.96,52.15,691.51
24,868.66,50.9,593.0
25,749.2,52.87,511.45
26,644.08,47.01,439.69
27,558.12,50.29,381.01
28,481.53,56.1,328.73
29,419.14,63.58,286.13
30,365.97,64.25,249.84
31,322.05,69.28,219.85
32,282.73,72.09,193.01
33,249.67,71.58,170.44
34,221.07,70.42,150.92
35,196.65,67.34,134.25
36,175.88,74.56,120.07
37,157.61,85.47,107.6
38,140.47,84.33,95.9
39,127.84,89.05,87.27
40,114.08,94.37,77.88
41,103.05,85.72,70.35
42,93.12,95.79,63.57
43,85.2,95.19,58.16
44,78.51,98.04,53.6
45,71.55,107.31,48.84
46,65.31,112.79,44.58
47,59.26,115.23,40.45
48,54.06,110.87,36.9
49,50.13,122.21,34.22
50,45.48,125.59,31.05
51,41.54,119.51,28.36
